epoch,time,train/box_loss,train/pose_loss,train/kobj_loss,train/cls_loss,train/dfl_loss,metrics/precision(B),metrics/recall(B),metrics/mAP50(B),metrics/mAP50-95(B),metrics/precision(P),metrics/recall(P),metrics/mAP50(P),metrics/mAP50-95(P),val/box_loss,val/pose_loss,val/kobj_loss,val/cls_loss,val/dfl_loss,lr/pg0,lr/pg1,lr/pg2
1,22.5819,1.63195,8.77843,0.70243,4.84205,1.56946,0.00175,0.25,0.07325,0.02195,0,0,0,0,1.65606,8.52317,0.69375,5.23145,1.80146,5.716e-05,5.716e-05,5.716e-05
2,44.3247,1.39569,8.86319,0.69942,4.30213,1.41892,0.3184,0.13889,0.14864,0.08437,0,0,0,0,1.52819,8.579,0.7007,4.1603,1.47755,0.000127337,0.000127337,0.000127337
3,66.0048,1.43587,8.84561,0.71114,3.61223,1.29958,0.85842,0.36111,0.35783,0.23545,0,0,0,0,1.16279,8.40559,0.69969,3.47744,1.1524,0.000196099,0.000196099,0.000196099
4,87.8429,1.26568,8.20412,0.70174,2.75885,1.15331,0.91361,0.36111,0.38643,0.26878,0,0,0,0,1.06756,8.32924,0.6998,3.0838,1.10208,0.000263446,0.000263446,0.000263446
5,109.063,1.1932,8.36748,0.69408,2.51776,1.11141,0.89965,0.36111,0.39094,0.3022,0,0,0,0,0.94327,8.12607,0.69174,2.48386,1.02435,0.000329379,0.000329379,0.000329379
6,130.019,1.10699,7.6109,0.70068,1.9686,1.08359,0.40545,0.38889,0.40859,0.31908,0,0,0,0,0.92179,8.00045,0.69163,2.65341,1.02301,0.000393897,0.000393897,0.000393897
7,150.96,1.07649,7.38442,0.69321,1.93451,1.08725,0.36744,0.47222,0.50234,0.34985,0,0,0,0,1.00976,7.84607,0.69368,1.86984,1.10733,0.000457,0.000457,0.000457
8,172.251,0.93191,7.29952,0.69305,1.92731,1.05317,0.45592,0.28783,0.41371,0.30955,0,0,0,0,0.95969,7.7418,0.68743,2.27413,1.09357,0.000518688,0.000518688,0.000518688
9,193.242,0.94607,7.13586,0.68231,1.89376,1.03052,0.40825,0.59722,0.49005,0.35273,0,0,0,0,0.99211,7.59438,0.67895,1.84524,1.10657,0.000578962,0.000578962,0.000578962
10,214.542,0.97622,6.80636,0.65844,1.86266,1.01142,0.4965,0.68628,0.51232,0.36859,0,0,0,0,0.99933,7.4636,0.67161,1.9561,1.1091,0.000637821,0.000637821,0.000637821
11,235.819,0.97498,6.67948,0.64112,1.6159,1.03609,0.62003,0.65424,0.55186,0.37518,0,0,0,0,1.04295,7.45853,0.66264,2.2267,1.1363,0.000695266,0.000695266,0.000695266
12,256.94,0.99676,6.37372,0.65686,1.5163,1.0614,0.33982,0.38889,0.4213,0.30243,0,0,0,0,1.07202,7.36692,0.65285,2.32401,1.1798,0.000751295,0.000751295,0.000751295
13,277.876,0.96212,6.70301,0.63941,1.60374,1.02798,0.46612,0.38246,0.4559,0.33433,0,0,0,0,1.03458,7.24402,0.64483,2.18089,1.13385,0.00080591,0.00080591,0.00080591
14,298.766,0.97348,6.54321,0.64052,1.55813,1.05619,0.40503,0.41667,0.48068,0.3519,0,0,0,0,1.00697,7.05938,0.6285,2.05777,1.15472,0.000859111,0.000859111,0.000859111
15,319.751,0.95052,6.2672,0.62349,1.37993,1.00386,0.90148,0.43575,0.53854,0.40726,0,0,0,0,1.11517,7.13032,0.62489,2.24245,1.22942,0.000910896,0.000910896,0.000910896
16,340.61,0.96797,6.11694,0.62045,1.54785,1.04693,0.57418,0.45765,0.4196,0.30402,0,0,0,0,1.30446,7.21787,0.62793,2.58981,1.35513,0.000961267,0.000961267,0.000961267
17,361.426,0.91881,6.27546,0.63871,1.41765,1.05274,0.40857,0.38889,0.43003,0.30879,0.62432,0.02778,0.00917,0.00092,1.28332,6.9916,0.58852,2.38352,1.32336,0.00101022,0.00101022,0.00101022
18,382.604,0.90621,6.0608,0.6006,1.29371,0.99352,0.53837,0.5228,0.43725,0.32618,0.07044,0.02778,0.00917,0.00092,1.24626,6.69311,0.55947,2.85785,1.30496,0.00105776,0.00105776,0.00105776
19,403.504,0.91435,6.1968,0.62472,1.51541,1.06168,0.54291,0.61111,0.44083,0.32999,0.1629,0.11111,0.0375,0.00409,1.12712,6.49147,0.53863,2.94393,1.22752,0.00110389,0.00110389,0.00110389
20,424.44,1.0444,5.86658,0.59192,1.28007,1.10439,0.6097,0.59722,0.6495,0.42494,0.59882,0.08333,0.01813,0.00212,0.99185,6.32328,0.52441,1.75139,1.10841,0.0011486,0.0011486,0.0011486
21,445.459,0.90912,5.66917,0.60877,1.22697,1.00376,0.71342,0.54167,0.64792,0.40176,0.80872,0.16667,0.13458,0.01346,0.97871,6.20784,0.5251,1.69391,1.07955,0.00114606,0.00114606,0.00114606
22,466.001,0.89039,6.01102,0.58512,1.18629,1.01021,0.60666,0.54167,0.54458,0.3911,0.67913,0.11111,0.045,0.0045,0.9187,6.14377,0.51023,1.59948,1.05287,0.00113191,0.00113191,0.00113191
23,486.68,0.98017,5.95583,0.55167,1.22159,1.0862,0.79173,0.60791,0.71122,0.46745,0.18572,0.13889,0.05651,0.00565,0.92701,6.09218,0.49161,1.52097,1.07602,0.00111776,0.00111776,0.00111776
24,507.525,0.91017,5.48563,0.53874,1.07201,1.03238,0.92312,0.6774,0.75885,0.58585,0.70883,0.16667,0.11402,0.0114,0.91048,6.05795,0.47556,1.23457,1.04293,0.00110362,0.00110362,0.00110362
25,528.273,0.91723,5.96311,0.56276,1.06918,1.04847,0.66026,0.69444,0.77951,0.57726,0.76397,0.22222,0.15296,0.0153,0.97716,5.93955,0.47392,1.28198,1.09923,0.00108947,0.00108947,0.00108947
26,549.004,0.93347,5.70304,0.56517,1.10225,1.00421,0.57397,0.81038,0.67903,0.51418,0.75793,0.16667,0.12997,0.013,0.9519,5.90274,0.47783,1.34499,1.08941,0.00107532,0.00107532,0.00107532
27,569.657,0.84577,5.78455,0.53563,1.15334,1.02036,0.77787,0.69444,0.81641,0.61694,0.69379,0.16667,0.10475,0.01048,0.93996,5.8955,0.47306,1.26858,1.0828,0.00106118,0.00106118,0.00106118
28,590.623,0.87771,5.69331,0.55517,1.06743,1.03979,0.82548,0.69444,0.73618,0.56595,0.26409,0.22222,0.12572,0.01276,0.88766,5.87979,0.4383,1.18891,1.04941,0.00104703,0.00104703,0.00104703
29,611.45,0.91681,5.53022,0.55399,0.99206,1.06632,0.83033,0.67598,0.73576,0.57409,0.69683,0.11111,0.05625,0.00563,0.8807,5.93868,0.42434,1.24984,1.04915,0.00103288,0.00103288,0.00103288
30,632.193,0.86935,5.71997,0.51975,1.01941,1.02506,0.74596,0.8326,0.77167,0.60273,0.20497,0.13889,0.06875,0.00688,0.87417,5.91323,0.41062,1.1833,1.06732,0.00101873,0.00101873,0.00101873
31,652.997,0.87228,5.65971,0.50637,0.94794,1.05429,0.97131,0.69041,0.76715,0.5883,0.70331,0.16667,0.12839,0.01448,0.84349,5.83995,0.39954,1.12551,1.05598,0.00100459,0.00100459,0.00100459
32,673.811,0.84576,5.66623,0.50065,0.89198,0.9966,0.67871,0.56944,0.61549,0.46232,0.7381,0.13889,0.14833,0.01483,0.91217,5.80948,0.40247,1.37512,1.12303,0.00099044,0.00099044,0.00099044
33,694.627,0.75728,5.4592,0.47964,0.86606,0.98853,0.44532,0.625,0.51985,0.40935,0.82199,0.25131,0.25514,0.02551,0.86516,5.7513,0.39743,1.32131,1.09328,0.000976293,0.000976293,0.000976293
34,715.345,0.91904,5.5022,0.53052,0.94207,1.08412,0.4171,0.625,0.52654,0.41936,0.8402,0.27778,0.23879,0.02388,0.86534,5.68424,0.38958,1.29966,1.09711,0.000962146,0.000962146,0.000962146
35,736.18,0.8083,5.37651,0.45854,0.93606,0.99455,0.57279,0.61611,0.56431,0.43227,0.83868,0.27778,0.23891,0.02803,0.89586,5.62596,0.3763,1.26018,1.09405,0.000947999,0.000947999,0.000947999
36,756.944,0.81932,5.3219,0.54975,0.98537,1.01185,0.8073,0.58195,0.66149,0.50073,0.27159,0.25,0.19656,0.02989,0.88902,5.61797,0.35778,1.20331,1.15239,0.000933851,0.000933851,0.000933851
37,777.666,0.75213,5.10201,0.49096,0.83508,0.96113,0.70188,0.84628,0.73175,0.56118,0.30267,0.30556,0.24046,0.03239,0.89408,5.55941,0.35565,1.27968,1.15424,0.000919704,0.000919704,0.000919704
38,798.32,0.72449,5.40722,0.51165,0.88315,0.98682,0.67669,0.84722,0.75328,0.55331,0.33025,0.33333,0.27638,0.038,0.87562,5.506,0.3541,1.10503,1.09335,0.000905557,0.000905557,0.000905557
39,819.016,0.74605,5.32946,0.47519,0.80795,0.95868,0.71926,0.84722,0.79407,0.60814,0.32218,0.30556,0.22143,0.03252,0.82307,5.39537,0.34219,0.9999,1.05073,0.00089141,0.00089141,0.00089141
40,839.882,0.80456,5.31205,0.45813,0.86018,1.00217,0.81387,0.84722,0.81901,0.60656,0.39635,0.33333,0.28044,0.04178,0.88642,5.259,0.3247,0.98998,1.06937,0.000877263,0.000877263,0.000877263
41,860.78,0.7874,5.1502,0.45296,0.8115,0.97508,0.7092,0.84722,0.77207,0.57499,0.31774,0.30556,0.23628,0.04138,0.89848,5.26532,0.31544,1.09605,1.06835,0.000863116,0.000863116,0.000863116
42,881.402,0.72987,5.49041,0.46154,0.83232,0.95477,0.64687,0.84722,0.75861,0.56477,0.28348,0.25,0.19847,0.0439,0.86913,5.26698,0.31114,1.26696,1.0617,0.000848969,0.000848969,0.000848969
43,902.193,0.73681,5.12698,0.47119,0.84634,0.91462,0.71823,0.69095,0.6969,0.52963,0.27455,0.27778,0.21071,0.04178,0.87633,5.16544,0.30935,1.2159,1.07604,0.000834822,0.000834822,0.000834822
44,923.04,0.83632,5.16689,0.48745,0.82516,0.9939,0.95213,0.69587,0.79359,0.61,0.35996,0.30556,0.24275,0.04209,0.84057,5.3889,0.29877,1.01335,1.0694,0.000820675,0.000820675,0.000820675
45,943.856,0.82317,5.04381,0.5131,0.79693,1.01572,0.9644,0.70097,0.81129,0.60886,0.32796,0.27778,0.20363,0.03765,0.83333,5.34283,0.30179,0.98033,1.05002,0.000806528,0.000806528,0.000806528
46,964.521,0.76576,5.18583,0.54039,0.77196,0.99648,0.83197,0.86286,0.84722,0.62654,0.36146,0.30556,0.24698,0.0448,0.85609,5.25906,0.30076,0.95298,1.05577,0.00079238,0.00079238,0.00079238
47,985.364,0.72554,4.9804,0.50095,0.76598,0.97241,0.81701,0.84722,0.85021,0.62776,0.39961,0.33183,0.29262,0.04977,0.87373,5.27572,0.29744,0.93481,1.05355,0.000778233,0.000778233,0.000778233
48,1006.18,0.74331,4.99264,0.45428,0.7422,0.99681,0.86544,0.77525,0.84389,0.64762,0.42651,0.33333,0.29942,0.05992,0.86382,5.04769,0.29714,0.9638,1.0465,0.000764086,0.000764086,0.000764086
49,1026.98,0.68005,4.66333,0.46639,0.66858,0.92826,0.76655,0.76389,0.76655,0.59335,0.46283,0.36111,0.33661,0.06381,0.87386,5.01785,0.29568,1.07404,1.04739,0.000749939,0.000749939,0.000749939
50,1047.63,0.6977,5.00306,0.49142,0.72379,0.94175,0.76822,0.7449,0.75446,0.57356,0.42657,0.33333,0.29561,0.05576,0.91245,5.06007,0.29757,1.14067,1.0701,0.000735792,0.000735792,0.000735792
51,1068.28,0.73604,5.17061,0.48308,0.72741,0.9655,0.82168,0.63773,0.73571,0.54178,0.38935,0.30556,0.27845,0.04222,0.92799,5.08033,0.2984,1.12895,1.07918,0.000721645,0.000721645,0.000721645
52,1089.04,0.7582,5.06666,0.472,0.73672,0.94807,1,0.62097,0.77234,0.58289,0.34268,0.3027,0.23048,0.05096,0.85468,5.01269,0.29505,1.05942,1.00968,0.000707498,0.000707498,0.000707498
53,1109.75,0.79529,4.756,0.50043,0.74219,0.95558,0.97427,0.62991,0.76897,0.60002,0.39004,0.30556,0.27464,0.05619,0.83173,4.98772,0.30094,1.03767,1.00542,0.000693351,0.000693351,0.000693351
54,1130.38,0.72041,4.89447,0.44028,0.71072,0.92751,0.9821,0.64532,0.77701,0.5986,0.38935,0.30556,0.26548,0.06315,0.81015,5.00301,0.2997,1.00906,0.99817,0.000679204,0.000679204,0.000679204
55,1151.06,0.75951,4.73006,0.48528,0.72033,0.95493,0.96599,0.68058,0.78162,0.59939,0.41454,0.30556,0.2775,0.06487,0.80531,5.0661,0.29253,0.98016,0.99967,0.000665057,0.000665057,0.000665057
56,1171.87,0.66539,5.08437,0.47599,0.88256,0.90913,0.71361,0.69444,0.7373,0.58602,0.39144,0.30556,0.27737,0.05838,0.76738,4.8774,0.28905,0.89951,0.98537,0.000650909,0.000650909,0.000650909
57,1192.64,0.69504,4.99998,0.44815,0.6668,0.92483,0.83306,0.65825,0.76375,0.62296,0.42424,0.33333,0.31567,0.06918,0.7669,4.74937,0.28739,0.91026,0.98341,0.000636762,0.000636762,0.000636762
58,1213.33,0.72599,5.15711,0.49514,0.7364,0.97864,0.69674,0.82573,0.77357,0.61162,0.42496,0.33333,0.32636,0.07638,0.77815,4.70693,0.28066,0.9381,0.99154,0.000622615,0.000622615,0.000622615
59,1233.96,0.66009,4.495,0.46522,0.65475,0.93636,0.978,0.64468,0.82128,0.64352,0.3998,0.33256,0.32633,0.07812,0.77784,4.79799,0.27266,0.90858,0.99741,0.000608468,0.000608468,0.000608468
60,1254.78,0.72438,4.91404,0.44554,0.70762,0.90847,0.58187,0.84722,0.82787,0.64871,0.41835,0.36111,0.34617,0.09199,0.79735,4.60183,0.26417,0.86189,1.00465,0.000594321,0.000594321,0.000594321
61,1275.74,0.70223,4.68407,0.4884,0.63986,0.92287,0.87508,0.71378,0.88166,0.69911,0.42281,0.36111,0.32217,0.09309,0.81913,4.42905,0.26673,0.86609,1.0049,0.000580174,0.000580174,0.000580174
62,1296.61,0.6468,4.48408,0.49501,0.62307,0.94732,0.88812,0.71382,0.86745,0.68666,0.45599,0.38889,0.37817,0.09501,0.82174,4.38166,0.26512,0.86537,0.99408,0.000566027,0.000566027,0.000566027
63,1317.55,0.63794,4.81829,0.39842,0.62846,0.90678,0.90207,0.71463,0.84707,0.66971,0.43231,0.35516,0.37076,0.08812,0.81771,4.4033,0.25844,0.8738,0.98167,0.00055188,0.00055188,0.00055188
64,1338.44,0.67628,4.80618,0.4479,0.65236,0.90882,0.90178,0.71599,0.88597,0.69649,0.38771,0.51389,0.37813,0.06688,0.82432,4.60843,0.24687,0.83522,1.00769,0.000537733,0.000537733,0.000537733
65,1359.19,0.67031,4.5893,0.47427,0.65188,0.91578,0.88575,0.84722,0.91052,0.70199,0.61078,0.50958,0.40194,0.08222,0.86119,4.44509,0.24607,0.84705,1.04333,0.000523586,0.000523586,0.000523586
66,1380.01,0.59801,4.50481,0.40345,0.56835,0.89157,0.92829,0.83536,0.9444,0.7365,0.61216,0.51389,0.40491,0.09915,0.84702,4.29955,0.24785,0.82319,1.02743,0.000509438,0.000509438,0.000509438
67,1400.65,0.62229,4.2801,0.44498,0.62045,0.93293,0.93261,0.84722,0.945,0.74158,0.43453,0.41667,0.38827,0.10764,0.83767,4.1671,0.2512,0.81895,1.01688,0.000495291,0.000495291,0.000495291
68,1421.34,0.64096,5.06651,0.55301,0.73045,0.97427,0.92791,0.7125,0.89969,0.70068,0.37399,0.36111,0.29563,0.07079,0.80706,4.57194,0.25303,0.80021,0.99612,0.000481144,0.000481144,0.000481144
69,1442.08,0.6993,4.28662,0.43218,0.61721,0.91539,0.92516,0.71098,0.89969,0.71178,0.36244,0.36111,0.29563,0.06807,0.78252,4.55746,0.25706,0.78209,0.99235,0.000466997,0.000466997,0.000466997
70,1462.59,0.59384,4.49839,0.46042,0.61422,0.9409,0.93648,0.82823,0.9331,0.72479,0.38763,0.38889,0.33373,0.0974,0.79629,4.21963,0.2623,0.77193,1.00937,0.00045285,0.00045285,0.00045285
71,1483.15,0.68738,4.90338,0.484,0.67075,0.93479,0.95153,0.84083,0.94218,0.73028,0.41425,0.41667,0.40116,0.12715,0.8167,4.04898,0.26864,0.76282,1.02727,0.000438703,0.000438703,0.000438703
72,1504.04,0.62469,4.24918,0.41982,0.59929,0.91767,0.93829,0.84722,0.94135,0.73334,0.44443,0.44444,0.44103,0.13673,0.79252,3.95379,0.26255,0.74731,1.01109,0.000424556,0.000424556,0.000424556
73,1525.18,0.67382,4.18746,0.41994,0.60156,0.92561,0.93565,0.84722,0.9225,0.73524,0.44137,0.44444,0.41535,0.13038,0.78044,4.0447,0.25582,0.71669,0.99217,0.000410409,0.000410409,0.000410409
74,1546.02,0.5686,4.55749,0.44427,0.56929,0.88133,0.9402,0.84722,0.90333,0.70762,0.45954,0.44444,0.41985,0.1065,0.76704,4.21982,0.25006,0.69467,0.98556,0.000396262,0.000396262,0.000396262
75,1566.84,0.6153,4.55731,0.48855,0.56356,0.90611,0.94523,0.84722,0.89292,0.71044,0.43202,0.41667,0.37162,0.08625,0.7522,4.46835,0.24997,0.70117,0.99023,0.000382115,0.000382115,0.000382115
76,1587.69,0.61328,4.18529,0.48052,0.55709,0.91621,0.96967,0.84145,0.88731,0.69231,0.40852,0.38889,0.32184,0.05792,0.78804,4.64253,0.2503,0.71066,1.00929,0.000367967,0.000367967,0.000367967
77,1608.65,0.62702,4.42877,0.39948,0.55109,0.90056,0.84956,0.84722,0.85448,0.65275,0.40944,0.38889,0.32642,0.06583,0.80505,4.5743,0.24963,0.73404,1.0069,0.00035382,0.00035382,0.00035382
78,1629.53,0.65713,4.31317,0.45423,0.57911,0.95392,0.8595,0.84669,0.85953,0.64935,0.40985,0.38889,0.32642,0.07632,0.7979,4.48457,0.25103,0.73071,0.99796,0.000339673,0.000339673,0.000339673
79,1650.23,0.6494,4.0906,0.48543,0.59193,0.94389,0.86103,0.84601,0.82984,0.62601,0.40976,0.38889,0.32642,0.08913,0.79544,4.3194,0.24741,0.71879,0.99002,0.000325526,0.000325526,0.000325526
80,1670.95,0.61384,4.22179,0.41804,0.58967,0.91559,0.85386,0.8465,0.84053,0.63921,0.40834,0.38889,0.32975,0.10413,0.80711,4.13693,0.24131,0.69578,0.98652,0.000311379,0.000311379,0.000311379
81,1691.68,0.66113,4.22347,0.43366,0.62019,0.909,0.84755,0.84155,0.84373,0.64684,0.40764,0.38889,0.31912,0.1122,0.79961,4.0827,0.24075,0.68593,0.98742,0.000297232,0.000297232,0.000297232
82,1712.6,0.55434,3.91292,0.39827,0.52712,0.89278,0.84311,0.83439,0.85207,0.64956,0.43743,0.41667,0.37162,0.1124,0.79377,4.10142,0.23805,0.68869,0.99082,0.000283085,0.000283085,0.000283085
83,1733.38,0.58482,4.04571,0.44332,0.59369,0.93155,0.83436,0.83727,0.85207,0.66423,0.43839,0.41667,0.37162,0.10827,0.78809,4.11244,0.23731,0.69251,0.9936,0.000268938,0.000268938,0.000268938
84,1754.18,0.56899,4.11624,0.45098,0.53645,0.90676,0.82983,0.83832,0.84752,0.67127,0.4114,0.38707,0.33049,0.09259,0.77906,4.23291,0.23088,0.70971,0.99361,0.000254791,0.000254791,0.000254791
85,1775.11,0.5806,4.68996,0.46964,0.61712,0.89547,0.82723,0.83771,0.84938,0.67196,0.4113,0.38653,0.3345,0.09157,0.77304,4.26523,0.22941,0.7178,0.98929,0.000240644,0.000240644,0.000240644
86,1795.85,0.57824,3.96855,0.43053,0.56297,0.89496,0.70536,0.875,0.8175,0.6496,0.4109,0.38889,0.32926,0.09105,0.76432,4.27276,0.23028,0.72342,0.98346,0.000226497,0.000226497,0.000226497
87,1816.81,0.54365,3.78319,0.3784,0.52193,0.85884,0.70381,0.875,0.81548,0.64514,0.40282,0.38889,0.32926,0.09456,0.76486,4.20092,0.23088,0.71634,0.98055,0.000212349,0.000212349,0.000212349
88,1837.7,0.5532,4.12775,0.41315,0.52379,0.88485,0.67889,0.875,0.81273,0.64937,0.51966,0.48611,0.32451,0.10086,0.77197,4.10688,0.231,0.71412,0.98534,0.000198202,0.000198202,0.000198202
89,1858.74,0.54868,4.41041,0.46533,0.63262,0.89806,0.67709,0.875,0.80827,0.64993,0.5541,0.51389,0.35995,0.10795,0.77795,4.12112,0.22838,0.70894,0.99047,0.000184055,0.000184055,0.000184055
90,1879.6,0.52342,3.9234,0.42396,0.52093,0.88043,0.67955,0.875,0.80525,0.6474,0.55834,0.51389,0.35995,0.10314,0.77808,4.17518,0.22623,0.70549,0.98956,0.000169908,0.000169908,0.000169908
91,1900.71,0.47696,3.52556,0.25187,0.49394,0.84395,0.68243,0.875,0.80917,0.64747,0.53167,0.48611,0.32283,0.07776,0.7746,4.3029,0.22503,0.70548,0.9875,0.000155761,0.000155761,0.000155761
92,1921.44,0.49746,3.4139,0.26502,0.48846,0.86846,0.69364,0.875,0.81225,0.64746,0.51,0.45747,0.2803,0.07029,0.77372,4.33851,0.2244,0.70124,0.98477,0.000141614,0.000141614,0.000141614
93,1942,0.43033,3.51628,0.23896,0.47796,0.82961,0.79954,0.83404,0.84142,0.67138,0.50745,0.45164,0.28018,0.08097,0.77162,4.25118,0.2238,0.7036,0.98272,0.000127467,0.000127467,0.000127467
94,1962.63,0.45957,3.42432,0.2295,0.49592,0.84342,0.80749,0.83502,0.83975,0.68385,0.53,0.45833,0.31187,0.09229,0.77424,4.18592,0.22648,0.70772,0.98509,0.00011332,0.00011332,0.00011332
95,1983.32,0.47842,3.42202,0.25072,0.49754,0.86838,0.82146,0.83372,0.83975,0.68181,0.52756,0.45833,0.31187,0.0956,0.77499,4.12269,0.22557,0.70396,0.985,9.91726e-05,9.91726e-05,9.91726e-05
96,2003.97,0.4346,3.37951,0.23688,0.48509,0.82578,0.83664,0.83087,0.83975,0.67315,0.55597,0.48611,0.35997,0.10655,0.77661,4.07265,0.22576,0.72429,0.98696,8.50255e-05,8.50255e-05,8.50255e-05
97,2024.63,0.51858,3.6345,0.28466,0.54721,0.8425,0.84528,0.80936,0.83826,0.6727,0.55635,0.48611,0.35894,0.10761,0.7778,4.04428,0.22444,0.73374,0.9877,7.08784e-05,7.08784e-05,7.08784e-05
98,2045.19,0.44235,3.31661,0.23336,0.46142,0.84078,0.85119,0.80386,0.83826,0.67461,0.553,0.48611,0.35894,0.10652,0.77929,4.01385,0.22337,0.74042,0.98861,5.67313e-05,5.67313e-05,5.67313e-05
99,2065.88,0.47059,3.38986,0.23527,0.49525,0.82052,0.85123,0.80644,0.83975,0.67737,0.55574,0.48611,0.35997,0.10854,0.7791,4.00721,0.22265,0.74285,0.98871,4.25842e-05,4.25842e-05,4.25842e-05
100,2086.53,0.45815,3.26768,0.23525,0.47003,0.8253,0.85507,0.80549,0.837,0.67777,0.3874,0.38258,0.31913,0.10539,0.77772,4.03031,0.22166,0.7478,0.98949,2.84371e-05,2.84371e-05,2.84371e-05
