old_sha	new_sha
8363ae8adcef28c19d2c0370b355bb2953a51647	ba86eb181a0b09191baa63d97334df34508ce13a
f96a08e3dbd562d3621634d69e174f0aaf9271eb	fa821c940d8e071148b3ef5a2e3b930081144b04
8b8796898c17c9d49cbca6787e46bfb5f8c95c55	501536c17c8264c7e7c2e785dd4f7b36b96062f2
3e38eb6cdaed0b8b668efdaa2b60e225c3f3d791	c4b58a37361ccf6fb66e06efe1e2a652a2678674
77f5170199bd473f22d7d2cd7a0f206d35b1d33c	1da2b9e6ef74872d026dcebd805b22ff7beefd76
770f98afbe7e7a1d6c68877d6bcad72bdacae566	4bbe5059ed0b371c9fb0fb330ebc82c26bc062ea
204a41f91e0c72f734af0f5fda79991d48c3d268	5f16b2287f2d6d35e6049d53ffa8388a19d54757
13b5068c38018d4f9d8630a200235b12a0f756d2	73f21835a067a12d998d89c41586a96bb259a6f4
3f1bfc386a9b41f24898faee0a8eaf9fbd0476ad	10c7e23cc9ad8b07126e3f0a920a5956d74a67c7
90959efdfcf4ef36f639ce49b6bac63842da72de	2bd6fc6c4f24666a0ad110df89fd9ee1072abfd3
100acb46f7d599552f5d6e385b333470684aa2aa	3cb4641e83972038b0c26b88d717f80f39313349
49e763b27cb34f3ea202b67d61e258fe1684857f	bcdebf7d06e5010f664d3910e1737912c26de77d
52080f90c831561d65dc40874e2c4e4416d2d8fd	9039c5fc7063f59d56fa972f7a3957f213965675
0b223e64a6cffe09df23ee7e18563c0947dd911f	7f8d636d7d868f178b1279e2bc14eecab8ea1225
379fdef718ada0284a9e5f5c1f0d6934388ae3ca	b0e351a19d677649816ed6dcb63f83fc939fae68
52dd5b97615052b1fa82167542696530efe2226b	6828fc2a21d7def91dc24a2f2ab711f15a012285
178014793f27c310437ab7bb09f34a3511eb7633	bcbe4b6015f975fdd7943afde3c1f98e8b347a0c
5c25ff9a1a0a6a53facf4fd0ebbee01029649ea0	945c1bcb94a300d7ab3dc15f72eb71e62550ab47
7a59f346c45c06aba459a488ca004c5453492e25	9f75a5e1069261398ad7570e6d89ffd5e9f55b22
296bc16a77b6a64019d95415f026f47aec4fcd32	862330249678ca1da17b6cf7a193c298195ab18f
3a47506309b3cc536d2d221fecf5491bb9da0b0e	13861823013388e9426d4851ac6bc475072db0e5
db33250f98d405886e9ab5e7b1208bec8d34f58e	de17dd01b2025a83950d8ff10d496a928350a529
5b2690fcb2aedfe0aed3f7a4518e213c8a663de5	81cf4729e16db826489472e1ad1c98ad3561a4c8
b9c55d609683dd4e430167057cb3033ab641db7c	f12e6bdafda7af1bd64e2c6a962b9b5975792efa
1bdce1d9066d5d85c415f07fc2ee33e0bc94b340	3e1708aa2942c22ef25d70ee5d96ce26ab6cfd89
49d58cc488ead28ea2bfec9aee017f14d656c6dc	e1512300ee28aa01006208aac65296800fb876ad
06fa96d2a5a74ededf09515f42bf3069616330e2	d0a74b93944ebe9a0df6a212412962126896e39b
3e34a347cb05e0556b44d0aae9bb4d92ab687dd9	b0703c05319514e7bdb8656d1fabe3fa947c39e0
a53b6705b715603446fa6adebb55c86d7777b701	60d3554d9aac3a12a10a21f3b2c19332b2c98771
d6276ce3706c3bcbb72a134358c9b4f0e4da457c	dffb7537a1038eef466087b82f37fcf4cb6ef2f4
9aeb3291387eaa6e8a32ebddc5d5eb8165a1c50a	faaf060c01e662e559d796ce331dcfac7530d27f
5aa901a70754cfe31be64f970d0eb2b3d5e4ca0f	0d6c66227c4ff3c5ff2c77d70c8a247cabd47936
e39d588032c9e4c12bfdc4a43be9e89dd578d644	3701196d8ba31226f3f3a2ea4007805ab938ea98
1223ba80af85161c5f67cbc4c8d8966da31448b7	dc672e17a52c32352e9aecca6edcad0e6e704cab
8b72d3717516020957231db6ecf86dc6de65e20b	54d9bf338391acfb2885ba1935e606386038e485
6fb2e04310e3115f56a37f3c6fcc353ef454015a	14d816c303c34eb1dbacc347f2313cabf45b3378
45c6f71d7dba1a0ecec98a93c04a02f6afc1f517	fd9ff97d274061ba26154895aa937be67acc1f6c
7c43edf8d9a1e54496b579e2d833d79d22e6630e	fbf7e6e34f7e97328b4572991fa2311c98ffe963
3f7b80519326bad5a823d5629ad89d0f8a4c4131	fff6978965e72b841af63647ec664de50d8de740
a843465a7ca5313e7665165b6212019842deed9f	c015c413606b5396560735453989b40109275197
e2fc789ad7e69b7fe2a2a2ba172253bccbaf42dd	37e1a677a9d872d971fc364830f8994be59b32ea
2a11a93a92af19a44bc7a601b7f0f5d74d67de48	6899995dadca7747f009b6cbf39828e8daaefbc3
43bcecc7a679fcb960aac02e983bb588059049cd	cffaedd4de224bf27adc20a20bf28b200f7d7877
4e4f3e0d9babe779625fa949624127aaf2e97e2a	ff5ea32bcfe1816174be304c5e93557d61b20c9c
3dcb26100d313833d9609f1f01067981fb6b6c44	2da2e64bb8f14caf6e9fdccea364aa6aa7ad031d
dbbe92b5f6cdf3ff12dda748fdf4bf83f83128a6	66a1df9c95345cf21054bd83ddee07df4ced1ebc
d3b1ee126271daeffd509d839ae07d75ee9759eb	558f13f35a2ec896cc98d5befe0c641110f18ba5
fbeae54f3c8a8087628fe63265b6b2c3c99506c2	f0919b19c8142d165e64fdabe3bc61ea86444008
ff64064ca20cc09d9aefe1f7526d638784cf6ae9	557195250b6d45e352621dbf19309ca934f75efb
2163eee0ea2bc1d52590ef57d8a5a56d21af39de	bfc4993c7b6359997b03a62252da661e3521e3e2
f71e0749a2e797e25a25cb1c1e06b95a211a94e3	59ec60bf4dcace1c0eaabeb2af3d256a8784a461
47a56720d853d019054e8d85c71a86b3ff9b171e	9230f99dca34ee7609b7a9ec0107b5e4da53be4f
ede6a94fa721e7f14f60d673adf3dbb8c596efb5	a0d51b0ee39274c34b5128256ab8bb4a8bda5d3f
9c51a84b81b59f3083d56731dea4d32bd7642182	ff225fd6c6fe751fe21ea70824a6ce0bb63c9875
2e4dd521302755cf8beb4ee60f4b0682004e1a97	0b795c00086374d50f03429924169301930db92e
05c1232e862e5f25128f7f4e3084560d6f9813e7	a3e5b9a28a5a6d31c4b15f54b0b1ea6504004cca
2a3a85b924a2a0e40ac2c72b5242308f1ce74ee9	a12b08393c6eac7052e3ae9b0e97b0b41d68c3b7
a6ba032fdf2d3823e75f2afaa039eb77c85e3c08	b7e9b0be53719ffd1fb08400deb7b544fa2ef2d1
fb3abc18c306adc74e56e1d19de2e6532ff9f686	bef28db7351cce7f2809cbbc64e202d7ee6aeeba
9a2bc5fb4b1f42004025106d3f58d9a83936bbf9	42b557ea81405cf7be922f6b7a67cf69dfccf516
1f5f1ade1802106348115e8f0c109133be8c4510	106530381189755379a136f074f257b94b4fbfd4
36af27a372d3c53eabf58d7330725cb26b530f73	4310ddbb73f2de9fc8947b538d809b5ed0f3a5c7
3cf16f213fd1def158c137aaa7771f632b772c00	65917a40dda03efca04436f238c2964039744e3a
b867e2c1c885ddc423eef2019621f90a1556c233	4ecf74d36c4c4e6affe99bdb8a138be5990d67e3
0bb728df5c8989cdf9e1ae2c8dfddffb115842aa	997257012c9fa2f19c3e17ddf54109a5920bdcc2
f9dcf173d6a709c55803743334ef5d93b9d60e9c	eb7c3c767956298a62b3f32698c2058a66afb969
da1261331c485f003f068754fd538739532914e0	b823168d7b4c6a2345ca3a27ba457ad834f88976
c7e876d27ab0892dba42ef222269426b65cd7ad0	f92f2f5e4d390fe32e37124567bd3578bd55104c
fa3acd95e4d94ec631eadfadf6bf87b9cdae985b	197420b71af06d69765bd58d8d58e1e0257f3ff2
52a825d83445b55ab4c0da420f0ceb5c3e26dfe0	4622dc2af58a3ea2c34fc8544d6c236a5ca5ff1a
b1dd3eeafa8b1ae03701bb79765b0607219c3700	c0b8583eadb2072b44bdea8bd659657e2e0efb9f
989313afcb2c0a33dda59ef8b2a9648806131975	99d5d5be6b5253752d0b36137199286f9c78e277
